encounter_id,patient_id,type_code,class_code,status,start_ts,end_ts,location_id,service_provider_org_id
1,19,ed,ambulatory,finished,2025-09-25 20:28:50.140696,2025-09-28 10:28:50.140696,15,2
2,36,general,inpatient,in-progress,2025-10-01 21:31:50.141244,2025-10-04 00:31:50.141244,1,5
3,44,ed,emergency,in-progress,2025-06-23 01:57:50.141253,2025-06-25 01:57:50.141253,19,7
4,31,psychiatry,emergency,onleave,2025-05-27 18:20:50.141261,2025-05-29 00:20:50.141261,11,10
5,45,general,emergency,in-progress,2025-09-11 09:22:50.141268,2025-09-13 21:22:50.141268,4,3
6,8,psychiatry,inpatient,onleave,2025-10-27 04:07:50.141275,2025-10-29 20:07:50.141275,5,7
7,27,ed,emergency,onleave,2025-07-13 17:44:50.141281,2025-07-16 15:44:50.141281,5,7
8,40,general,ambulatory,finished,2025-05-24 01:33:50.141286,2025-05-26 16:33:50.141286,12,4
9,7,ed,ambulatory,onleave,2025-07-16 15:11:50.141292,2025-07-18 14:11:50.141292,12,1
10,30,psychiatry,emergency,finished,2025-07-28 21:14:50.141298,2025-07-29 13:14:50.141298,20,1
11,37,psychiatry,inpatient,onleave,2025-10-25 19:11:50.141304,2025-10-26 12:11:50.141304,7,10
12,39,psychiatry,ambulatory,finished,2025-09-12 22:05:50.141310,2025-09-13 17:05:50.141310,5,9
13,9,psychiatry,ambulatory,finished,2025-09-04 00:19:50.141316,2025-09-04 04:19:50.141316,19,6
14,9,ed,ambulatory,onleave,2025-11-03 00:10:50.141322,2025-11-03 07:10:50.141322,4,2
15,33,ed,inpatient,in-progress,2025-07-08 14:37:50.141328,2025-07-10 13:37:50.141328,17,4
16,20,general,emergency,finished,2025-06-03 03:40:50.141334,2025-06-05 22:40:50.141334,2,8
17,32,ed,ambulatory,finished,2025-07-27 15:43:50.141340,2025-07-28 05:43:50.141340,3,6
18,18,ed,emergency,onleave,2025-06-05 01:22:50.141345,2025-06-05 18:22:50.141345,18,6
19,30,ed,emergency,in-progress,2025-08-01 09:53:50.141351,2025-08-02 23:53:50.141351,4,2
20,47,psychiatry,ambulatory,in-progress,2025-05-23 08:30:50.141356,2025-05-26 07:30:50.141356,8,7
21,47,psychiatry,ambulatory,in-progress,2025-08-12 15:01:50.141362,2025-08-14 21:01:50.141362,11,5
22,5,psychiatry,inpatient,finished,2025-08-04 00:43:50.141368,2025-08-06 13:43:50.141368,14,2
23,38,ed,emergency,in-progress,2025-08-04 00:51:50.141374,2025-08-04 08:51:50.141374,4,7
24,47,psychiatry,ambulatory,onleave,2025-08-08 07:38:50.141379,2025-08-10 14:38:50.141379,10,6
25,10,ed,ambulatory,finished,2025-10-11 10:54:50.141385,2025-10-12 14:54:50.141385,4,6
26,37,psychiatry,ambulatory,onleave,2025-06-17 18:19:50.141391,2025-06-19 06:19:50.141391,20,10
27,39,ed,emergency,in-progress,2025-05-18 08:51:50.141397,2025-05-18 12:51:50.141397,1,3
28,22,general,inpatient,finished,2025-08-29 06:38:50.141402,2025-08-30 22:38:50.141402,5,10
29,48,ed,inpatient,finished,2025-05-22 17:22:50.141408,2025-05-23 12:22:50.141408,17,4
30,11,general,ambulatory,onleave,2025-08-02 15:57:50.141413,2025-08-04 11:57:50.141413,11,10
31,10,psychiatry,emergency,finished,2025-06-08 02:30:50.141419,2025-06-08 09:30:50.141419,3,5
32,39,general,ambulatory,in-progress,2025-07-16 07:59:50.141425,2025-07-18 22:59:50.141425,7,9
33,19,ed,emergency,onleave,2025-10-08 17:59:50.141430,2025-10-09 08:59:50.141430,16,9
34,26,ed,inpatient,finished,2025-05-20 20:24:50.141436,2025-05-22 01:24:50.141436,7,5
35,19,general,inpatient,finished,2025-09-14 00:38:50.141441,2025-09-15 09:38:50.141441,16,7
36,46,psychiatry,emergency,onleave,2025-09-24 01:02:50.141447,2025-09-26 22:02:50.141447,12,2
37,2,general,inpatient,in-progress,2025-07-28 06:24:50.141453,2025-07-30 14:24:50.141453,19,7
38,19,psychiatry,ambulatory,finished,2025-06-13 16:41:50.141458,2025-06-15 22:41:50.141458,11,3
39,6,general,inpatient,finished,2025-06-01 14:33:50.141464,2025-06-03 13:33:50.141464,14,10
40,20,ed,ambulatory,finished,2025-07-27 13:21:50.141469,2025-07-29 16:21:50.141469,11,3
41,34,ed,inpatient,in-progress,2025-10-18 12:46:50.141474,2025-10-19 03:46:50.141474,12,3
42,13,psychiatry,emergency,finished,2025-09-08 02:17:50.141480,2025-09-09 11:17:50.141480,3,3
43,44,ed,emergency,onleave,2025-05-30 13:57:50.141485,2025-06-01 23:57:50.141485,20,6
44,5,general,ambulatory,onleave,2025-05-30 19:17:50.141491,2025-06-02 04:17:50.141491,10,5
45,5,general,ambulatory,in-progress,2025-06-09 04:04:50.141496,2025-06-11 21:04:50.141496,2,1
46,40,ed,emergency,in-progress,2025-08-04 20:22:50.141502,2025-08-05 08:22:50.141502,15,10
47,29,ed,emergency,finished,2025-06-18 05:29:50.141507,2025-06-18 11:29:50.141507,11,10
48,29,psychiatry,ambulatory,onleave,2025-07-08 13:17:50.141513,2025-07-08 21:17:50.141513,3,9
49,46,general,ambulatory,onleave,2025-05-26 00:24:50.141518,2025-05-27 08:24:50.141518,17,10
50,25,general,ambulatory,onleave,2025-09-27 18:03:50.141524,2025-09-29 07:03:50.141524,20,1
51,22,psychiatry,emergency,onleave,2025-05-29 09:05:50.141529,2025-05-29 18:05:50.141529,13,5
52,22,psychiatry,emergency,onleave,2025-09-03 05:32:50.141534,2025-09-04 01:32:50.141534,5,6
53,9,ed,emergency,finished,2025-08-19 08:42:50.141540,2025-08-21 11:42:50.141540,10,9
54,9,ed,emergency,onleave,2025-08-02 08:36:50.141545,2025-08-04 03:36:50.141545,17,2
55,24,psychiatry,ambulatory,in-progress,2025-05-25 07:59:50.141551,2025-05-28 01:59:50.141551,6,4
56,9,psychiatry,inpatient,in-progress,2025-08-11 14:14:50.141556,2025-08-12 19:14:50.141556,4,9
57,3,ed,ambulatory,onleave,2025-06-21 05:30:50.141562,2025-06-24 01:30:50.141562,5,10
58,45,ed,inpatient,onleave,2025-08-03 01:16:50.141567,2025-08-04 01:16:50.141567,15,1
59,29,ed,ambulatory,onleave,2025-07-24 17:43:50.141573,2025-07-26 00:43:50.141573,15,4
60,13,general,emergency,onleave,2025-06-23 22:07:50.141578,2025-06-26 11:07:50.141578,15,8
61,27,psychiatry,inpatient,onleave,2025-08-26 16:54:50.141583,2025-08-29 12:54:50.141583,5,5
62,36,psychiatry,emergency,onleave,2025-10-24 08:56:50.141589,2025-10-26 08:56:50.141589,4,5
63,33,psychiatry,ambulatory,finished,2025-10-17 00:09:50.141595,2025-10-19 10:09:50.141595,8,8
64,26,ed,ambulatory,finished,2025-08-10 05:00:50.141600,2025-08-10 12:00:50.141600,13,2
65,7,ed,emergency,in-progress,2025-08-03 22:25:50.141606,2025-08-05 15:25:50.141606,5,3
66,45,psychiatry,emergency,in-progress,2025-10-28 19:28:50.141611,2025-10-31 08:28:50.141611,15,10
67,14,psychiatry,emergency,onleave,2025-11-06 03:25:50.141617,2025-11-07 12:25:50.141617,20,9
68,16,general,inpatient,finished,2025-07-22 01:37:50.141622,2025-07-23 14:37:50.141622,8,7
69,8,general,emergency,onleave,2025-05-27 09:57:50.141627,2025-05-27 18:57:50.141627,1,9
70,19,general,inpatient,onleave,2025-06-12 21:41:50.141633,2025-06-13 16:41:50.141633,12,4
71,34,general,inpatient,onleave,2025-06-13 16:15:50.141638,2025-06-14 03:15:50.141638,18,9
72,31,psychiatry,emergency,in-progress,2025-06-30 12:25:50.141643,2025-07-02 14:25:50.141643,12,5
73,23,psychiatry,emergency,onleave,2025-11-02 17:36:50.141649,2025-11-03 02:36:50.141649,4,10
74,35,general,emergency,finished,2025-08-14 01:24:50.141654,2025-08-15 23:24:50.141654,15,8
75,5,ed,ambulatory,finished,2025-05-29 23:35:50.141660,2025-05-30 17:35:50.141660,10,4
76,21,general,emergency,in-progress,2025-10-26 22:30:50.141665,2025-10-27 04:30:50.141665,18,8
77,19,general,inpatient,onleave,2025-09-04 03:38:50.141671,2025-09-05 04:38:50.141671,11,5
78,48,general,ambulatory,in-progress,2025-10-06 17:59:50.141677,2025-10-08 21:59:50.141677,6,8
79,18,psychiatry,emergency,in-progress,2025-05-13 14:03:50.141682,2025-05-16 09:03:50.141682,3,7
80,21,psychiatry,inpatient,in-progress,2025-06-05 23:52:50.141688,2025-06-07 13:52:50.141688,10,5
81,11,ed,ambulatory,in-progress,2025-07-15 09:41:50.141693,2025-07-17 16:41:50.141693,15,1
82,41,psychiatry,inpatient,onleave,2025-08-08 09:59:50.141698,2025-08-09 21:59:50.141698,13,6
83,2,psychiatry,emergency,onleave,2025-06-28 05:43:50.141704,2025-06-29 02:43:50.141704,15,1
84,24,general,emergency,finished,2025-10-06 03:11:50.141709,2025-10-08 02:11:50.141709,20,3
85,29,psychiatry,emergency,finished,2025-05-17 15:03:50.141715,2025-05-19 15:03:50.141715,17,6
86,16,psychiatry,inpatient,onleave,2025-07-28 18:45:50.141720,2025-07-30 06:45:50.141720,6,8
87,8,general,ambulatory,onleave,2025-06-27 16:28:50.141725,2025-06-30 16:28:50.141725,15,4
88,13,psychiatry,inpatient,finished,2025-06-03 19:42:50.141731,2025-06-06 10:42:50.141731,15,3
89,43,general,emergency,finished,2025-07-17 02:35:50.141752,2025-07-18 19:35:50.141752,18,9
90,46,ed,emergency,onleave,2025-08-24 19:32:50.141759,2025-08-25 16:32:50.141759,6,6
91,9,psychiatry,ambulatory,finished,2025-06-29 22:19:50.141764,2025-07-01 00:19:50.141764,12,9
92,9,ed,inpatient,finished,2025-06-13 17:57:50.141770,2025-06-16 16:57:50.141770,10,7
93,37,psychiatry,inpatient,in-progress,2025-07-07 13:00:50.141776,2025-07-09 18:00:50.141776,3,8
94,9,ed,emergency,onleave,2025-07-10 07:53:50.141781,2025-07-12 04:53:50.141781,6,3
95,8,ed,inpatient,in-progress,2025-07-19 12:28:50.141787,2025-07-19 20:28:50.141787,6,3
96,34,general,inpatient,in-progress,2025-08-16 07:12:50.141792,2025-08-18 04:12:50.141792,7,9
97,40,ed,inpatient,onleave,2025-08-29 00:46:50.141798,2025-08-30 15:46:50.141798,6,10
98,37,psychiatry,inpatient,finished,2025-06-12 01:16:50.141803,2025-06-13 21:16:50.141803,2,10
99,40,ed,inpatient,in-progress,2025-08-31 09:13:50.141809,2025-09-02 15:13:50.141809,18,5
100,44,general,ambulatory,in-progress,2025-05-26 19:56:50.141814,2025-05-28 03:56:50.141814,3,1
101,30,psychiatry,ambulatory,onleave,2025-09-27 15:00:50.141820,2025-09-30 05:00:50.141820,5,6
102,26,psychiatry,ambulatory,onleave,2025-08-17 05:31:50.141825,2025-08-19 02:31:50.141825,18,2
103,18,general,inpatient,finished,2025-08-17 21:57:50.141831,2025-08-18 13:57:50.141831,4,1
104,16,psychiatry,ambulatory,onleave,2025-08-24 16:31:50.141836,2025-08-26 22:31:50.141836,11,4
105,32,general,ambulatory,finished,2025-09-27 13:54:50.141842,2025-09-30 01:54:50.141842,3,7
106,38,general,inpatient,finished,2025-06-30 15:11:50.141847,2025-07-01 19:11:50.141847,10,8
107,19,ed,inpatient,finished,2025-06-07 08:43:50.141852,2025-06-09 21:43:50.141852,14,3
108,24,psychiatry,ambulatory,finished,2025-08-31 06:03:50.141858,2025-09-02 10:03:50.141858,19,9
109,5,general,emergency,in-progress,2025-09-18 17:51:50.141863,2025-09-20 06:51:50.141863,18,5
110,9,psychiatry,ambulatory,in-progress,2025-05-31 07:47:50.141869,2025-05-31 23:47:50.141869,11,9
111,26,ed,inpatient,finished,2025-08-06 01:14:50.141874,2025-08-08 19:14:50.141874,2,3
112,10,ed,emergency,finished,2025-08-13 13:53:50.141880,2025-08-16 00:53:50.141880,11,10
113,38,general,emergency,onleave,2025-08-18 00:01:50.141885,2025-08-19 15:01:50.141885,18,8
114,24,general,emergency,finished,2025-06-15 19:56:50.141890,2025-06-15 22:56:50.141890,14,10
115,39,general,ambulatory,onleave,2025-08-20 05:31:50.141896,2025-08-20 09:31:50.141896,19,10
116,11,ed,emergency,onleave,2025-09-09 06:23:50.141901,2025-09-11 20:23:50.141901,20,7
117,37,ed,inpatient,finished,2025-09-30 08:11:50.141907,2025-09-30 13:11:50.141907,1,8
118,45,psychiatry,ambulatory,onleave,2025-08-18 16:17:50.141912,2025-08-20 21:17:50.141912,20,8
119,14,ed,ambulatory,onleave,2025-10-22 07:18:50.141917,2025-10-25 02:18:50.141917,16,9
120,35,general,emergency,in-progress,2025-08-02 19:15:50.141923,2025-08-05 06:15:50.141923,9,10
121,36,general,inpatient,in-progress,2025-07-06 23:11:50.141928,2025-07-08 11:11:50.141928,10,4
122,31,general,emergency,onleave,2025-05-14 06:55:50.141934,2025-05-15 23:55:50.141934,9,5
123,25,general,ambulatory,finished,2025-10-06 10:43:50.141939,2025-10-09 08:43:50.141939,10,1
124,29,ed,ambulatory,onleave,2025-08-25 07:21:50.141945,2025-08-27 04:21:50.141945,16,4
125,45,general,inpatient,finished,2025-09-16 12:09:50.141950,2025-09-19 12:09:50.141950,20,10
126,15,ed,inpatient,finished,2025-09-06 22:23:50.141955,2025-09-09 18:23:50.141955,4,7
127,44,psychiatry,inpatient,onleave,2025-08-14 06:56:50.141961,2025-08-14 19:56:50.141961,6,7
128,49,general,ambulatory,in-progress,2025-05-23 13:56:50.141966,2025-05-24 15:56:50.141966,2,2
129,48,ed,inpatient,finished,2025-05-24 11:12:50.141972,2025-05-27 08:12:50.141972,14,3
130,12,ed,ambulatory,finished,2025-10-28 16:36:50.141978,2025-10-31 08:36:50.141978,1,5
131,19,general,emergency,onleave,2025-06-14 10:20:50.141983,2025-06-16 05:20:50.141983,17,8
132,13,psychiatry,ambulatory,finished,2025-10-03 12:57:50.141989,2025-10-04 23:57:50.141989,15,5
133,19,ed,emergency,finished,2025-09-21 04:39:50.141994,2025-09-23 00:39:50.141994,6,10
134,33,general,inpatient,in-progress,2025-05-27 16:34:50.142000,2025-05-29 23:34:50.142000,4,3
135,1,general,ambulatory,finished,2025-10-02 14:06:50.142005,2025-10-03 22:06:50.142005,15,5
136,17,ed,ambulatory,onleave,2025-08-14 19:49:50.142010,2025-08-14 21:49:50.142010,8,1
137,11,general,emergency,onleave,2025-05-21 01:57:50.142016,2025-05-22 17:57:50.142016,10,2
138,15,psychiatry,ambulatory,finished,2025-05-27 20:03:50.142021,2025-05-29 01:03:50.142021,15,10
139,31,ed,emergency,finished,2025-08-03 15:42:50.142027,2025-08-06 14:42:50.142027,8,10
140,46,general,inpatient,onleave,2025-10-17 12:58:50.142033,2025-10-20 08:58:50.142033,4,1
141,10,psychiatry,ambulatory,onleave,2025-06-19 13:14:50.142038,2025-06-22 10:14:50.142038,15,2
142,6,ed,ambulatory,finished,2025-05-16 22:41:50.142043,2025-05-19 13:41:50.142043,15,3
143,36,general,emergency,in-progress,2025-06-28 15:57:50.142049,2025-06-28 23:57:50.142049,1,7
144,38,psychiatry,inpatient,in-progress,2025-09-03 04:39:50.142054,2025-09-04 08:39:50.142054,12,2
145,31,psychiatry,ambulatory,in-progress,2025-06-22 03:27:50.142059,2025-06-22 12:27:50.142059,6,3
146,24,general,ambulatory,in-progress,2025-05-26 05:45:50.142065,2025-05-28 11:45:50.142065,13,2
147,9,ed,ambulatory,finished,2025-05-16 07:31:50.142070,2025-05-19 05:31:50.142070,6,9
148,1,psychiatry,ambulatory,in-progress,2025-07-29 13:18:50.142076,2025-07-30 18:18:50.142076,18,7
149,16,general,ambulatory,finished,2025-06-23 16:34:50.142082,2025-06-24 22:34:50.142082,9,4
150,40,psychiatry,inpatient,finished,2025-10-10 03:35:50.142087,2025-10-12 09:35:50.142087,3,2
151,16,ed,inpatient,in-progress,2025-06-08 03:58:50.142093,2025-06-08 10:58:50.142093,15,4
152,9,ed,ambulatory,finished,2025-06-21 22:38:50.142098,2025-06-22 06:38:50.142098,19,6
153,16,general,inpatient,onleave,2025-06-12 09:37:50.142103,2025-06-14 03:37:50.142103,17,4
154,36,ed,emergency,finished,2025-07-24 20:09:50.142109,2025-07-25 04:09:50.142109,14,9
155,34,general,emergency,in-progress,2025-07-04 04:04:50.142114,2025-07-06 05:04:50.142114,14,3
156,31,psychiatry,inpatient,in-progress,2025-08-22 17:15:50.142120,2025-08-25 14:15:50.142120,5,8
157,36,ed,inpatient,in-progress,2025-10-23 12:00:50.142125,2025-10-25 18:00:50.142125,8,5
158,29,general,inpatient,onleave,2025-09-15 18:45:50.142131,2025-09-16 05:45:50.142131,7,1
159,5,psychiatry,emergency,onleave,2025-08-30 16:43:50.142136,2025-08-30 22:43:50.142136,18,4
160,20,psychiatry,inpatient,finished,2025-07-07 22:31:50.142142,2025-07-09 17:31:50.142142,4,8
161,26,psychiatry,emergency,in-progress,2025-09-05 06:48:50.142147,2025-09-06 09:48:50.142147,10,7
162,20,general,ambulatory,onleave,2025-07-10 11:45:50.142153,2025-07-12 09:45:50.142153,16,8
163,14,general,ambulatory,in-progress,2025-10-12 05:56:50.142158,2025-10-13 22:56:50.142158,2,10
164,17,ed,emergency,onleave,2025-09-11 06:17:50.142164,2025-09-11 09:17:50.142164,14,5
165,25,ed,inpatient,in-progress,2025-09-28 23:05:50.142169,2025-09-30 05:05:50.142169,18,6
166,30,psychiatry,emergency,in-progress,2025-09-02 13:40:50.142174,2025-09-05 04:40:50.142174,6,3
167,42,psychiatry,emergency,finished,2025-06-20 14:15:50.142180,2025-06-23 12:15:50.142180,3,1
168,5,ed,inpatient,finished,2025-11-05 16:18:50.142186,2025-11-06 22:18:50.142186,7,9
169,43,general,inpatient,finished,2025-07-13 18:23:50.142191,2025-07-16 08:23:50.142191,18,9
170,47,general,emergency,in-progress,2025-07-25 05:25:50.142196,2025-07-28 01:25:50.142196,1,9
171,7,psychiatry,emergency,finished,2025-05-12 07:59:50.142202,2025-05-13 06:59:50.142202,8,4
172,18,general,inpatient,in-progress,2025-06-01 13:10:50.142207,2025-06-03 11:10:50.142207,13,8
173,20,ed,inpatient,onleave,2025-06-15 21:42:50.142213,2025-06-17 02:42:50.142213,2,2
174,31,psychiatry,emergency,finished,2025-07-26 17:02:50.142218,2025-07-29 16:02:50.142218,6,2
175,37,psychiatry,emergency,finished,2025-07-02 15:45:50.142223,2025-07-04 10:45:50.142223,8,4
176,3,psychiatry,emergency,in-progress,2025-05-13 10:56:50.142229,2025-05-14 21:56:50.142229,18,10
177,2,psychiatry,emergency,finished,2025-05-23 04:15:50.142247,2025-05-24 21:15:50.142247,13,2
178,37,general,emergency,onleave,2025-08-22 23:50:50.142253,2025-08-24 06:50:50.142253,11,7
179,33,ed,ambulatory,finished,2025-10-02 06:40:50.142259,2025-10-02 17:40:50.142259,4,7
180,50,general,inpatient,onleave,2025-09-09 03:05:50.142265,2025-09-11 06:05:50.142265,9,8
181,25,general,inpatient,onleave,2025-07-04 22:04:50.142271,2025-07-07 21:04:50.142271,19,7
182,46,psychiatry,inpatient,in-progress,2025-10-16 10:08:50.142276,2025-10-17 18:08:50.142276,5,7
183,21,general,inpatient,finished,2025-05-29 00:39:50.142281,2025-05-31 02:39:50.142281,1,5
184,7,psychiatry,inpatient,finished,2025-07-16 17:38:50.142286,2025-07-18 04:38:50.142286,14,8
185,7,psychiatry,inpatient,in-progress,2025-06-17 11:54:50.142292,2025-06-19 16:54:50.142292,18,2
186,25,psychiatry,ambulatory,in-progress,2025-06-07 09:36:50.142297,2025-06-09 03:36:50.142297,13,2
187,11,ed,ambulatory,finished,2025-06-16 21:50:50.142302,2025-06-19 16:50:50.142302,5,5
188,5,psychiatry,ambulatory,in-progress,2025-08-21 20:55:50.142308,2025-08-22 15:55:50.142308,14,5
189,16,ed,emergency,in-progress,2025-07-07 03:03:50.142313,2025-07-08 12:03:50.142313,20,10
190,20,psychiatry,ambulatory,in-progress,2025-09-17 15:20:50.142318,2025-09-18 09:20:50.142318,20,7
191,42,ed,inpatient,in-progress,2025-08-14 15:05:50.142324,2025-08-16 23:05:50.142324,11,10
192,12,general,ambulatory,in-progress,2025-05-13 22:56:50.142329,2025-05-15 15:56:50.142329,16,10
193,26,general,inpatient,onleave,2025-09-05 19:02:50.142335,2025-09-07 07:02:50.142335,7,10
194,2,ed,ambulatory,onleave,2025-06-20 23:43:50.142340,2025-06-23 22:43:50.142340,7,8
195,44,general,inpatient,onleave,2025-08-24 07:22:50.142346,2025-08-26 12:22:50.142346,10,4
196,25,psychiatry,ambulatory,onleave,2025-09-03 08:17:50.142351,2025-09-05 15:17:50.142351,16,10
197,35,psychiatry,ambulatory,onleave,2025-07-27 11:54:50.142356,2025-07-29 17:54:50.142356,18,10
198,43,ed,ambulatory,finished,2025-05-28 03:20:50.142362,2025-05-29 11:20:50.142362,20,1
199,49,general,ambulatory,finished,2025-06-15 08:43:50.142367,2025-06-17 12:43:50.142367,1,2
200,36,ed,emergency,onleave,2025-09-01 21:54:50.142373,2025-09-04 16:54:50.142373,8,8
201,10,general,inpatient,in-progress,2025-08-03 16:57:50.142378,2025-08-06 09:57:50.142378,4,5
202,23,general,ambulatory,in-progress,2025-07-24 03:19:50.142384,2025-07-24 22:19:50.142384,7,9
203,29,ed,emergency,in-progress,2025-07-06 17:56:50.142389,2025-07-07 06:56:50.142389,11,2
204,2,general,emergency,finished,2025-08-23 03:35:50.142395,2025-08-23 18:35:50.142395,6,4
205,22,ed,ambulatory,in-progress,2025-06-27 23:51:50.142400,2025-06-28 20:51:50.142400,8,7
206,26,psychiatry,emergency,onleave,2025-05-30 00:15:50.142405,2025-06-01 08:15:50.142405,7,8
207,46,psychiatry,inpatient,in-progress,2025-06-08 16:02:50.142411,2025-06-08 17:02:50.142411,3,10
208,21,psychiatry,ambulatory,finished,2025-10-11 12:15:50.142416,2025-10-13 11:15:50.142416,9,8
209,40,general,emergency,finished,2025-06-24 09:06:50.142422,2025-06-26 11:06:50.142422,12,6
210,40,ed,inpatient,onleave,2025-07-12 10:15:50.142427,2025-07-14 01:15:50.142427,5,6
211,12,general,emergency,finished,2025-10-07 22:07:50.142433,2025-10-08 13:07:50.142433,17,7
212,28,psychiatry,ambulatory,onleave,2025-07-22 10:18:50.142438,2025-07-24 12:18:50.142438,18,3
213,9,psychiatry,ambulatory,in-progress,2025-06-17 23:55:50.142443,2025-06-19 12:55:50.142443,20,1
214,13,general,emergency,onleave,2025-08-08 04:55:50.142449,2025-08-08 22:55:50.142449,16,7
215,32,psychiatry,inpatient,onleave,2025-05-15 14:00:50.142454,2025-05-17 23:00:50.142454,1,4
216,35,general,inpatient,in-progress,2025-08-25 04:09:50.142459,2025-08-26 09:09:50.142459,19,8
217,18,ed,ambulatory,onleave,2025-06-19 13:19:50.142465,2025-06-20 04:19:50.142465,2,8
218,48,ed,inpatient,in-progress,2025-06-20 22:59:50.142470,2025-06-21 12:59:50.142470,2,8
219,29,psychiatry,inpatient,finished,2025-08-31 17:31:50.142476,2025-09-01 05:31:50.142476,19,6
220,40,psychiatry,inpatient,finished,2025-06-03 08:59:50.142482,2025-06-04 06:59:50.142482,2,10
221,11,general,emergency,in-progress,2025-08-09 12:09:50.142487,2025-08-12 09:09:50.142487,10,10
222,9,general,inpatient,in-progress,2025-08-30 12:29:50.142493,2025-08-31 01:29:50.142493,5,3
223,16,ed,ambulatory,in-progress,2025-09-05 00:41:50.142499,2025-09-06 18:41:50.142499,5,10
224,25,general,inpatient,onleave,2025-05-29 20:46:50.142504,2025-06-01 02:46:50.142504,3,7
225,30,general,ambulatory,onleave,2025-06-28 06:09:50.142510,2025-06-30 06:09:50.142510,1,2
226,5,ed,ambulatory,finished,2025-07-12 08:44:50.142515,2025-07-14 06:44:50.142515,14,4
227,22,ed,emergency,finished,2025-07-03 21:06:50.142521,2025-07-05 10:06:50.142521,19,8
228,3,psychiatry,emergency,in-progress,2025-08-11 07:38:50.142526,2025-08-11 14:38:50.142526,1,2
229,28,psychiatry,emergency,finished,2025-09-27 14:57:50.142532,2025-09-27 15:57:50.142532,10,3
230,17,psychiatry,ambulatory,onleave,2025-08-29 02:45:50.142537,2025-08-31 01:45:50.142537,6,1
231,28,ed,inpatient,onleave,2025-07-28 09:07:50.142543,2025-07-29 15:07:50.142543,4,1
232,38,psychiatry,emergency,onleave,2025-09-13 14:22:50.142548,2025-09-14 07:22:50.142548,15,1
233,28,ed,inpatient,in-progress,2025-11-04 07:05:50.142559,2025-11-04 23:05:50.142559,3,4
234,7,general,ambulatory,in-progress,2025-08-01 02:40:50.142564,2025-08-01 16:40:50.142564,5,7
235,5,ed,emergency,finished,2025-10-03 08:43:50.142570,2025-10-04 03:43:50.142570,20,3
236,41,ed,inpatient,in-progress,2025-07-17 17:40:50.142575,2025-07-18 21:40:50.142575,20,8
237,9,psychiatry,emergency,onleave,2025-09-13 02:29:50.142580,2025-09-13 15:29:50.142580,13,6
238,16,general,emergency,finished,2025-07-20 18:36:50.142586,2025-07-21 12:36:50.142586,8,9
239,50,ed,inpatient,onleave,2025-06-06 09:40:50.142591,2025-06-07 22:40:50.142591,10,4
240,48,general,ambulatory,onleave,2025-06-27 09:54:50.142596,2025-06-28 10:54:50.142596,2,4
241,32,ed,emergency,finished,2025-07-03 17:19:50.142601,2025-07-05 00:19:50.142601,17,1
242,37,general,ambulatory,onleave,2025-08-06 19:18:50.142607,2025-08-08 21:18:50.142607,6,8
243,1,general,inpatient,finished,2025-10-20 04:49:50.142612,2025-10-20 13:49:50.142612,2,7
244,50,general,ambulatory,onleave,2025-06-30 19:46:50.142618,2025-07-03 12:46:50.142618,13,2
245,18,psychiatry,ambulatory,finished,2025-05-27 11:52:50.142623,2025-05-28 07:52:50.142623,17,4
246,38,ed,emergency,onleave,2025-09-28 12:06:50.142629,2025-09-30 15:06:50.142629,3,5
247,4,psychiatry,inpatient,in-progress,2025-05-12 15:40:50.142634,2025-05-13 22:40:50.142634,4,8
248,43,ed,emergency,onleave,2025-06-03 10:23:50.142639,2025-06-05 02:23:50.142639,6,2
249,11,general,ambulatory,onleave,2025-11-03 07:18:50.142645,2025-11-03 09:18:50.142645,17,5
250,47,psychiatry,inpatient,in-progress,2025-09-25 18:18:50.142650,2025-09-27 05:18:50.142650,14,5
251,32,general,emergency,in-progress,2025-06-26 03:10:50.142656,2025-06-26 13:10:50.142656,2,8
252,17,psychiatry,emergency,onleave,2025-06-15 00:03:50.142661,2025-06-15 21:03:50.142661,4,4
253,16,psychiatry,ambulatory,in-progress,2025-06-30 05:24:50.142667,2025-06-30 07:24:50.142667,13,3
254,15,general,inpatient,in-progress,2025-09-23 03:51:50.142672,2025-09-25 09:51:50.142672,11,5
255,33,ed,inpatient,finished,2025-10-18 11:03:50.142678,2025-10-19 03:03:50.142678,8,9
256,19,general,ambulatory,finished,2025-10-26 17:22:50.142683,2025-10-29 05:22:50.142683,18,8
257,37,general,emergency,onleave,2025-11-04 18:14:50.142689,2025-11-06 08:14:50.142689,8,8
258,47,ed,inpatient,finished,2025-08-04 10:55:50.142695,2025-08-05 12:55:50.142695,1,7
259,41,ed,inpatient,in-progress,2025-10-31 21:52:50.142700,2025-11-02 18:52:50.142700,1,7
260,16,general,ambulatory,finished,2025-08-21 02:13:50.142706,2025-08-23 22:13:50.142706,5,5
261,34,general,emergency,in-progress,2025-10-15 03:28:50.142712,2025-10-16 09:28:50.142712,15,2
262,41,general,inpatient,onleave,2025-06-12 01:54:50.142717,2025-06-12 19:54:50.142717,19,1
263,19,general,ambulatory,in-progress,2025-07-18 08:18:50.142722,2025-07-19 15:18:50.142722,11,6
264,13,psychiatry,emergency,finished,2025-07-14 21:12:50.142728,2025-07-15 07:12:50.142728,5,2
265,27,psychiatry,emergency,in-progress,2025-09-25 14:57:50.142740,2025-09-27 07:57:50.142740,7,8
266,6,psychiatry,emergency,in-progress,2025-08-20 15:10:50.142746,2025-08-21 07:10:50.142746,20,1
267,46,psychiatry,ambulatory,in-progress,2025-09-12 19:17:50.142752,2025-09-13 07:17:50.142752,17,1
268,2,general,ambulatory,onleave,2025-05-17 20:10:50.142758,2025-05-18 19:10:50.142758,18,4
269,8,psychiatry,inpatient,finished,2025-10-13 15:20:50.142763,2025-10-14 09:20:50.142763,5,4
270,38,ed,ambulatory,finished,2025-07-27 17:43:50.142769,2025-07-28 04:43:50.142769,1,2
271,6,general,inpatient,finished,2025-09-17 08:58:50.142774,2025-09-18 01:58:50.142774,15,1
272,32,psychiatry,ambulatory,onleave,2025-09-24 10:59:50.142780,2025-09-26 13:59:50.142780,14,3
273,18,general,ambulatory,finished,2025-08-08 22:28:50.142785,2025-08-09 22:28:50.142785,2,10
274,32,general,emergency,in-progress,2025-06-01 10:11:50.142790,2025-06-03 00:11:50.142790,2,2
275,13,ed,emergency,finished,2025-08-27 17:18:50.142796,2025-08-29 23:18:50.142796,18,1
276,35,general,ambulatory,onleave,2025-08-01 07:04:50.142801,2025-08-03 21:04:50.142801,17,6
277,21,ed,inpatient,finished,2025-07-30 21:15:50.142807,2025-07-31 01:15:50.142807,9,1
278,11,psychiatry,inpatient,onleave,2025-07-09 13:04:50.142812,2025-07-10 19:04:50.142812,8,5
279,37,general,ambulatory,finished,2025-06-23 06:23:50.142817,2025-06-24 11:23:50.142817,6,4
280,38,psychiatry,emergency,onleave,2025-06-08 18:35:50.142823,2025-06-10 16:35:50.142823,12,10
281,32,ed,ambulatory,finished,2025-06-16 00:50:50.142828,2025-06-17 01:50:50.142828,16,1
282,2,ed,ambulatory,finished,2025-10-15 04:12:50.142834,2025-10-16 09:12:50.142834,11,10
283,21,psychiatry,inpatient,finished,2025-09-17 01:05:50.142839,2025-09-18 00:05:50.142839,19,3
284,5,general,emergency,onleave,2025-10-09 12:31:50.142845,2025-10-11 11:31:50.142845,13,10
285,9,psychiatry,emergency,in-progress,2025-10-12 19:07:50.142850,2025-10-14 13:07:50.142850,16,6
286,15,ed,emergency,finished,2025-09-23 06:51:50.142856,2025-09-25 04:51:50.142856,13,5
287,47,psychiatry,emergency,onleave,2025-05-14 20:18:50.142861,2025-05-15 19:18:50.142861,13,10
288,40,psychiatry,emergency,onleave,2025-10-29 23:48:50.142867,2025-10-31 16:48:50.142867,4,8
289,16,general,ambulatory,finished,2025-10-01 18:39:50.142872,2025-10-02 04:39:50.142872,3,6
290,16,ed,inpatient,in-progress,2025-07-16 05:10:50.142878,2025-07-17 08:10:50.142878,9,2
291,47,general,inpatient,in-progress,2025-11-07 04:02:50.142883,2025-11-09 13:02:50.142883,16,7
292,31,ed,emergency,onleave,2025-08-09 12:02:50.142888,2025-08-10 01:02:50.142888,8,3
293,19,psychiatry,ambulatory,in-progress,2025-07-15 02:35:50.142894,2025-07-15 07:35:50.142894,4,2
294,11,ed,inpatient,onleave,2025-08-11 23:30:50.142899,2025-08-14 00:30:50.142899,3,6
295,46,psychiatry,ambulatory,onleave,2025-06-07 09:29:50.142904,2025-06-09 23:29:50.142904,6,10
296,22,psychiatry,inpatient,in-progress,2025-07-19 00:23:50.142910,2025-07-19 13:23:50.142910,18,9
297,16,psychiatry,inpatient,in-progress,2025-08-31 08:08:50.142915,2025-09-01 23:08:50.142915,19,9
298,1,general,inpatient,in-progress,2025-07-05 01:23:50.142921,2025-07-07 00:23:50.142921,20,8
299,11,ed,ambulatory,finished,2025-09-17 02:25:50.142926,2025-09-18 05:25:50.142926,16,2
300,43,general,inpatient,onleave,2025-08-20 16:56:50.142931,2025-08-23 07:56:50.142931,18,7
301,24,psychiatry,ambulatory,finished,2025-09-20 17:30:50.142936,2025-09-22 18:30:50.142936,9,8
302,37,psychiatry,inpatient,onleave,2025-07-10 21:12:50.142942,2025-07-12 08:12:50.142942,4,2
303,27,ed,inpatient,onleave,2025-05-19 17:35:50.142947,2025-05-22 15:35:50.142947,2,7
304,37,psychiatry,ambulatory,in-progress,2025-06-26 15:52:50.142952,2025-06-29 04:52:50.142952,3,7
305,37,ed,emergency,finished,2025-10-29 12:50:50.142958,2025-11-01 07:50:50.142958,4,8
306,9,psychiatry,ambulatory,finished,2025-09-24 00:13:50.142964,2025-09-25 01:13:50.142964,14,4
307,21,ed,inpatient,finished,2025-05-31 00:33:50.142969,2025-06-01 10:33:50.142969,13,9
308,34,general,inpatient,onleave,2025-07-28 12:06:50.142974,2025-07-30 00:06:50.142974,20,10
309,10,psychiatry,emergency,onleave,2025-06-26 16:19:50.142980,2025-06-28 22:19:50.142980,19,2
310,19,ed,ambulatory,in-progress,2025-10-10 10:37:50.142986,2025-10-10 23:37:50.142986,9,7
311,3,psychiatry,ambulatory,in-progress,2025-05-23 13:50:50.142991,2025-05-26 02:50:50.142991,5,10
312,3,general,ambulatory,onleave,2025-06-04 07:42:50.142997,2025-06-06 11:42:50.142997,8,1
313,2,general,ambulatory,in-progress,2025-07-08 20:29:50.143002,2025-07-10 20:29:50.143002,9,8
314,9,general,emergency,in-progress,2025-05-12 08:20:50.143007,2025-05-13 14:20:50.143007,11,5
315,13,general,inpatient,in-progress,2025-07-23 09:45:50.143013,2025-07-23 21:45:50.143013,16,9
316,5,general,emergency,onleave,2025-08-04 03:54:50.143018,2025-08-05 00:54:50.143018,13,3
317,13,psychiatry,inpatient,finished,2025-06-25 11:25:50.143024,2025-06-26 10:25:50.143024,2,8
318,18,general,ambulatory,onleave,2025-10-25 17:41:50.143029,2025-10-26 19:41:50.143029,13,2
319,32,ed,ambulatory,finished,2025-05-17 05:11:50.143035,2025-05-19 05:11:50.143035,16,10
320,17,ed,emergency,finished,2025-06-18 18:04:50.143040,2025-06-19 15:04:50.143040,10,1
321,15,ed,inpatient,onleave,2025-08-01 04:16:50.143045,2025-08-02 08:16:50.143045,7,5
322,50,ed,inpatient,in-progress,2025-05-24 15:54:50.143051,2025-05-24 18:54:50.143051,5,3
323,39,general,emergency,onleave,2025-06-07 05:12:50.143056,2025-06-08 14:12:50.143056,9,7
324,14,general,ambulatory,onleave,2025-08-02 17:57:50.143062,2025-08-04 02:57:50.143062,17,10
325,33,ed,ambulatory,onleave,2025-07-28 11:20:50.143067,2025-07-28 12:20:50.143067,20,10
326,31,psychiatry,ambulatory,in-progress,2025-08-26 19:43:50.143072,2025-08-27 09:43:50.143072,11,5
327,13,psychiatry,emergency,finished,2025-09-01 08:41:50.143078,2025-09-02 23:41:50.143078,2,10
328,47,psychiatry,emergency,in-progress,2025-07-26 08:06:50.143083,2025-07-27 02:06:50.143083,10,5
329,38,ed,emergency,finished,2025-07-22 17:02:50.143089,2025-07-22 22:02:50.143089,11,4
330,43,general,emergency,in-progress,2025-05-15 11:46:50.143094,2025-05-18 00:46:50.143094,6,9
331,9,ed,ambulatory,onleave,2025-09-21 20:20:50.143100,2025-09-24 09:20:50.143100,18,3
332,15,general,inpatient,onleave,2025-05-16 18:45:50.143105,2025-05-17 06:45:50.143105,10,7
333,30,psychiatry,ambulatory,finished,2025-08-14 18:10:50.143110,2025-08-16 08:10:50.143110,19,10
334,33,psychiatry,emergency,in-progress,2025-06-02 02:56:50.143116,2025-06-03 03:56:50.143116,17,5
335,9,psychiatry,ambulatory,in-progress,2025-07-25 03:31:50.143121,2025-07-25 23:31:50.143121,19,8
336,50,psychiatry,ambulatory,in-progress,2025-10-01 18:31:50.143127,2025-10-02 18:31:50.143127,6,6
337,18,psychiatry,inpatient,onleave,2025-05-29 04:26:50.143132,2025-05-31 14:26:50.143132,6,8
338,41,general,ambulatory,in-progress,2025-10-16 00:47:50.143138,2025-10-18 08:47:50.143138,16,7
339,47,general,inpatient,in-progress,2025-11-06 03:52:50.143143,2025-11-07 05:52:50.143143,17,4
340,15,ed,ambulatory,in-progress,2025-11-02 08:26:50.143149,2025-11-03 16:26:50.143149,5,2
341,11,psychiatry,inpatient,in-progress,2025-07-31 12:49:50.143154,2025-08-02 04:49:50.143154,10,8
342,28,ed,inpatient,in-progress,2025-06-26 09:53:50.143160,2025-06-28 05:53:50.143160,16,6
343,2,psychiatry,inpatient,onleave,2025-09-19 23:28:50.143165,2025-09-22 03:28:50.143165,5,4
344,8,general,emergency,onleave,2025-11-01 10:54:50.143170,2025-11-02 08:54:50.143170,2,7
345,40,psychiatry,emergency,finished,2025-05-27 20:37:50.143176,2025-05-30 17:37:50.143176,4,1
346,29,general,inpatient,onleave,2025-10-25 07:19:50.143181,2025-10-27 13:19:50.143181,9,8
347,20,general,emergency,finished,2025-05-12 01:13:50.143186,2025-05-12 03:13:50.143186,17,5
348,27,psychiatry,emergency,onleave,2025-05-31 09:42:50.143192,2025-06-01 03:42:50.143192,20,2
349,32,psychiatry,emergency,finished,2025-08-27 01:36:50.143197,2025-08-27 15:36:50.143197,9,9
350,19,psychiatry,inpatient,onleave,2025-09-16 17:41:50.143202,2025-09-18 22:41:50.143202,16,4
351,1,psychiatry,emergency,finished,2025-05-14 14:05:50.143208,2025-05-15 21:05:50.143208,4,10
352,50,ed,inpatient,onleave,2025-05-19 14:17:50.143222,2025-05-20 02:17:50.143222,4,5
353,17,general,inpatient,finished,2025-05-26 21:57:50.143230,2025-05-28 11:57:50.143230,6,1
354,28,ed,inpatient,finished,2025-08-24 17:35:50.143236,2025-08-26 10:35:50.143236,2,1
355,22,general,ambulatory,onleave,2025-10-02 07:45:50.143241,2025-10-03 05:45:50.143241,9,2
356,26,general,ambulatory,in-progress,2025-08-03 19:15:50.143247,2025-08-04 10:15:50.143247,13,8
357,8,psychiatry,emergency,onleave,2025-07-22 08:30:50.143252,2025-07-23 06:30:50.143252,2,3
358,37,ed,ambulatory,finished,2025-10-11 15:28:50.143258,2025-10-14 05:28:50.143258,20,7
359,31,general,inpatient,in-progress,2025-08-07 10:25:50.143263,2025-08-08 03:25:50.143263,15,1
360,1,ed,emergency,onleave,2025-10-21 20:45:50.143269,2025-10-23 13:45:50.143269,19,10
361,34,ed,emergency,onleave,2025-09-10 07:31:50.143274,2025-09-12 03:31:50.143274,20,2
362,31,general,emergency,onleave,2025-07-19 07:40:50.143280,2025-07-20 15:40:50.143280,13,3
363,42,psychiatry,emergency,in-progress,2025-06-17 10:23:50.143285,2025-06-17 12:23:50.143285,16,3
364,22,general,inpatient,onleave,2025-10-18 14:06:50.143290,2025-10-19 21:06:50.143290,8,9
365,6,general,ambulatory,onleave,2025-05-26 17:01:50.143296,2025-05-28 00:01:50.143296,15,2
366,32,ed,emergency,finished,2025-07-02 15:06:50.143301,2025-07-03 07:06:50.143301,4,7
367,1,psychiatry,emergency,onleave,2025-07-25 03:51:50.143306,2025-07-28 02:51:50.143306,10,9
368,22,general,inpatient,finished,2025-06-16 22:45:50.143312,2025-06-19 09:45:50.143312,15,6
369,46,ed,ambulatory,onleave,2025-06-16 09:48:50.143317,2025-06-18 22:48:50.143317,15,2
370,22,general,emergency,in-progress,2025-10-13 08:12:50.143322,2025-10-13 09:12:50.143322,18,9
371,11,general,inpatient,onleave,2025-08-03 07:20:50.143328,2025-08-03 13:20:50.143328,14,2
372,8,general,inpatient,in-progress,2025-09-02 10:14:50.143333,2025-09-03 11:14:50.143333,7,6
373,50,general,ambulatory,onleave,2025-10-10 16:24:50.143339,2025-10-11 08:24:50.143339,19,9
374,48,psychiatry,emergency,in-progress,2025-10-03 14:26:50.143344,2025-10-06 10:26:50.143344,19,8
375,47,psychiatry,inpatient,in-progress,2025-06-29 23:42:50.143349,2025-06-30 22:42:50.143349,20,10
376,27,ed,emergency,finished,2025-08-16 12:30:50.143355,2025-08-18 14:30:50.143355,9,7
377,9,general,emergency,onleave,2025-08-11 19:58:50.143360,2025-08-12 13:58:50.143360,17,5
378,46,ed,emergency,onleave,2025-05-11 11:31:50.143366,2025-05-13 04:31:50.143366,7,4
379,44,general,emergency,finished,2025-09-14 09:41:50.143371,2025-09-15 23:41:50.143371,6,9
380,46,psychiatry,ambulatory,onleave,2025-06-21 06:46:50.143376,2025-06-23 00:46:50.143376,16,10
381,44,ed,emergency,in-progress,2025-06-13 07:41:50.143382,2025-06-15 13:41:50.143382,14,1
382,10,psychiatry,emergency,finished,2025-06-27 02:25:50.143387,2025-06-29 03:25:50.143387,7,5
383,10,psychiatry,emergency,in-progress,2025-09-26 19:43:50.143393,2025-09-28 04:43:50.143393,7,9
384,7,ed,emergency,onleave,2025-10-29 17:34:50.143398,2025-11-01 03:34:50.143398,18,4
385,33,ed,ambulatory,onleave,2025-05-25 12:02:50.143403,2025-05-26 19:02:50.143403,2,7
386,36,psychiatry,inpatient,onleave,2025-07-30 15:36:50.143409,2025-08-01 08:36:50.143409,9,4
387,41,ed,emergency,onleave,2025-06-01 14:33:50.143414,2025-06-02 19:33:50.143414,12,10
388,50,ed,inpatient,in-progress,2025-06-20 05:48:50.143419,2025-06-21 07:48:50.143419,15,3
389,48,ed,inpatient,in-progress,2025-05-17 03:15:50.143425,2025-05-18 02:15:50.143425,2,7
390,11,ed,ambulatory,finished,2025-08-27 12:10:50.143430,2025-08-28 05:10:50.143430,11,8
391,39,psychiatry,emergency,onleave,2025-09-29 04:17:50.143435,2025-09-30 22:17:50.143435,10,8
392,46,general,emergency,finished,2025-06-13 12:04:50.143441,2025-06-13 22:04:50.143441,6,9
393,35,ed,ambulatory,finished,2025-10-20 13:16:50.143446,2025-10-22 19:16:50.143446,12,4
394,24,general,inpatient,onleave,2025-09-13 08:05:50.143451,2025-09-15 03:05:50.143451,17,8
395,43,general,ambulatory,finished,2025-06-16 09:26:50.143457,2025-06-17 00:26:50.143457,20,10
396,25,psychiatry,ambulatory,in-progress,2025-09-06 03:43:50.143462,2025-09-07 21:43:50.143462,18,5
397,33,ed,ambulatory,in-progress,2025-10-31 12:34:50.143468,2025-11-02 12:34:50.143468,2,5
398,6,psychiatry,inpatient,onleave,2025-05-24 23:06:50.143473,2025-05-27 17:06:50.143473,18,1
399,44,general,inpatient,finished,2025-05-31 03:13:50.143478,2025-06-01 07:13:50.143478,18,7
400,2,general,emergency,in-progress,2025-05-26 02:39:50.143484,2025-05-26 22:39:50.143484,2,2
401,36,psychiatry,emergency,finished,2025-10-20 04:15:50.143490,2025-10-21 13:15:50.143490,9,7
402,28,general,inpatient,in-progress,2025-07-30 14:46:50.143495,2025-08-01 18:46:50.143495,4,9
403,49,ed,emergency,finished,2025-11-05 08:40:50.143501,2025-11-05 17:40:50.143501,3,6
404,39,psychiatry,ambulatory,in-progress,2025-07-02 02:08:50.143506,2025-07-03 17:08:50.143506,13,7
405,35,psychiatry,inpatient,onleave,2025-05-22 04:56:50.143512,2025-05-23 01:56:50.143512,13,9
406,44,ed,emergency,in-progress,2025-08-23 09:17:50.143517,2025-08-25 00:17:50.143517,1,9
407,1,ed,emergency,in-progress,2025-06-18 01:19:50.143523,2025-06-18 07:19:50.143523,18,9
408,14,general,emergency,onleave,2025-10-16 20:13:50.143528,2025-10-18 17:13:50.143528,5,3
409,13,psychiatry,inpatient,onleave,2025-09-20 21:47:50.143534,2025-09-22 06:47:50.143534,19,1
410,5,general,emergency,finished,2025-06-19 14:45:50.143539,2025-06-22 13:45:50.143539,9,2
411,22,general,inpatient,onleave,2025-09-17 05:49:50.143544,2025-09-19 20:49:50.143544,8,2
412,21,general,ambulatory,in-progress,2025-08-26 10:22:50.143550,2025-08-27 11:22:50.143550,20,5
413,21,general,inpatient,finished,2025-05-13 11:17:50.143555,2025-05-15 10:17:50.143555,11,4
414,18,general,inpatient,onleave,2025-09-11 06:39:50.143560,2025-09-13 14:39:50.143560,11,8
415,32,ed,inpatient,finished,2025-07-11 15:04:50.143566,2025-07-13 07:04:50.143566,20,2
416,13,general,emergency,onleave,2025-08-28 00:29:50.143571,2025-08-30 21:29:50.143571,3,2
417,38,ed,ambulatory,onleave,2025-11-02 12:46:50.143577,2025-11-02 16:46:50.143577,7,1
418,31,ed,inpatient,in-progress,2025-06-18 20:52:50.143582,2025-06-21 18:52:50.143582,13,4
419,9,general,emergency,onleave,2025-06-09 05:32:50.143587,2025-06-10 19:32:50.143587,3,7
420,40,ed,inpatient,onleave,2025-08-05 13:26:50.143593,2025-08-06 20:26:50.143593,5,8
421,48,ed,ambulatory,in-progress,2025-09-27 23:50:50.143598,2025-09-28 18:50:50.143598,2,4
422,24,psychiatry,inpatient,onleave,2025-07-05 22:22:50.143603,2025-07-07 08:22:50.143603,7,9
423,3,psychiatry,emergency,in-progress,2025-08-06 16:56:50.143609,2025-08-09 03:56:50.143609,4,9
424,38,ed,emergency,finished,2025-05-28 20:33:50.143614,2025-05-30 06:33:50.143614,13,7
425,34,general,ambulatory,finished,2025-08-05 10:45:50.143620,2025-08-05 20:45:50.143620,17,7
426,39,psychiatry,emergency,finished,2025-08-08 17:55:50.143625,2025-08-11 07:55:50.143625,15,3
427,14,psychiatry,inpatient,finished,2025-09-10 02:54:50.143630,2025-09-11 14:54:50.143630,12,10
428,22,ed,inpatient,in-progress,2025-10-07 08:12:50.143636,2025-10-09 14:12:50.143636,16,8
429,2,psychiatry,inpatient,finished,2025-09-14 11:16:50.143642,2025-09-16 16:16:50.143642,19,10
430,3,ed,inpatient,finished,2025-09-27 00:46:50.143648,2025-09-29 18:46:50.143648,6,5
431,47,ed,emergency,in-progress,2025-09-21 13:01:50.143653,2025-09-21 16:01:50.143653,3,4
432,11,psychiatry,ambulatory,onleave,2025-07-15 09:56:50.143659,2025-07-17 23:56:50.143659,5,10
433,17,psychiatry,emergency,onleave,2025-09-21 09:44:50.143664,2025-09-24 03:44:50.143664,11,8
434,25,general,inpatient,finished,2025-06-07 11:22:50.143669,2025-06-08 17:22:50.143669,1,4
435,10,ed,inpatient,finished,2025-06-26 12:43:50.143675,2025-06-28 18:43:50.143675,16,10
436,33,psychiatry,inpatient,in-progress,2025-06-07 03:30:50.143680,2025-06-10 00:30:50.143680,5,10
437,34,general,ambulatory,finished,2025-06-22 04:29:50.143686,2025-06-24 12:29:50.143686,17,7
438,23,ed,emergency,onleave,2025-09-09 13:36:50.143691,2025-09-11 14:36:50.143691,19,2
439,50,psychiatry,inpatient,in-progress,2025-07-22 01:10:50.143697,2025-07-24 15:10:50.143697,20,9
440,46,ed,inpatient,onleave,2025-07-25 21:14:50.143708,2025-07-25 22:14:50.143708,17,2
441,45,general,ambulatory,in-progress,2025-06-27 05:02:50.143714,2025-06-28 08:02:50.143714,4,3
442,17,ed,ambulatory,onleave,2025-07-20 08:49:50.143719,2025-07-21 17:49:50.143719,12,10
443,27,ed,emergency,in-progress,2025-08-28 08:01:50.143724,2025-08-29 11:01:50.143724,6,6
444,20,ed,ambulatory,onleave,2025-06-16 11:56:50.143730,2025-06-17 20:56:50.143730,13,3
445,29,ed,inpatient,finished,2025-05-23 01:39:50.143735,2025-05-24 07:39:50.143735,7,9
446,40,ed,emergency,onleave,2025-07-27 18:35:50.143741,2025-07-30 17:35:50.143741,2,3
447,10,general,emergency,in-progress,2025-07-30 09:26:50.143746,2025-07-30 21:26:50.143746,3,2
448,39,psychiatry,emergency,in-progress,2025-08-31 22:03:50.143751,2025-09-01 09:03:50.143751,13,10
449,50,psychiatry,emergency,in-progress,2025-05-23 13:08:50.143757,2025-05-23 21:08:50.143757,15,1
450,19,psychiatry,inpatient,onleave,2025-09-16 07:27:50.143762,2025-09-19 02:27:50.143762,17,9
451,44,psychiatry,ambulatory,finished,2025-05-12 21:47:50.143768,2025-05-13 19:47:50.143768,1,3
452,23,ed,ambulatory,in-progress,2025-10-15 20:37:50.143773,2025-10-18 00:37:50.143773,19,4
453,6,ed,ambulatory,onleave,2025-06-28 04:39:50.143778,2025-06-28 13:39:50.143778,18,10
454,15,ed,inpatient,in-progress,2025-08-09 17:34:50.143784,2025-08-11 05:34:50.143784,13,10
455,33,psychiatry,emergency,finished,2025-11-05 21:15:50.143789,2025-11-08 02:15:50.143789,17,5
456,17,ed,emergency,in-progress,2025-08-12 01:35:50.143794,2025-08-14 19:35:50.143794,15,7
457,49,general,ambulatory,onleave,2025-06-15 13:37:50.143800,2025-06-16 21:37:50.143800,15,10
458,5,general,emergency,finished,2025-10-30 14:19:50.143806,2025-11-01 00:19:50.143806,8,6
459,1,ed,ambulatory,finished,2025-07-24 17:53:50.143811,2025-07-27 14:53:50.143811,10,2
460,5,ed,inpatient,in-progress,2025-07-27 07:39:50.143817,2025-07-29 03:39:50.143817,11,6
461,48,ed,inpatient,in-progress,2025-09-12 11:09:50.143822,2025-09-13 11:09:50.143822,7,4
462,13,psychiatry,emergency,in-progress,2025-09-06 21:13:50.143828,2025-09-08 03:13:50.143828,5,2
463,40,psychiatry,emergency,finished,2025-10-08 02:43:50.143833,2025-10-10 18:43:50.143833,16,6
464,32,psychiatry,emergency,in-progress,2025-06-01 18:55:50.143839,2025-06-03 06:55:50.143839,13,4
465,28,general,emergency,finished,2025-06-13 01:23:50.143844,2025-06-15 21:23:50.143844,17,6
466,30,psychiatry,emergency,onleave,2025-07-29 07:37:50.143850,2025-07-30 06:37:50.143850,15,6
467,25,ed,inpatient,in-progress,2025-05-15 05:26:50.143855,2025-05-16 08:26:50.143855,12,10
468,16,general,ambulatory,onleave,2025-09-01 23:51:50.143860,2025-09-03 09:51:50.143860,11,6
469,27,ed,ambulatory,in-progress,2025-09-20 13:59:50.143866,2025-09-21 16:59:50.143866,13,5
470,37,ed,inpatient,finished,2025-07-14 23:50:50.143871,2025-07-15 16:50:50.143871,9,4
471,13,psychiatry,emergency,finished,2025-06-17 15:32:50.143876,2025-06-19 16:32:50.143876,16,1
472,41,ed,emergency,onleave,2025-09-22 15:55:50.143882,2025-09-23 09:55:50.143882,11,8
473,26,psychiatry,emergency,finished,2025-08-22 20:51:50.143887,2025-08-23 03:51:50.143887,2,4
474,29,ed,ambulatory,in-progress,2025-09-02 13:33:50.143892,2025-09-03 02:33:50.143892,12,6
475,23,psychiatry,ambulatory,finished,2025-06-16 11:27:50.143897,2025-06-17 20:27:50.143897,12,10
476,12,general,ambulatory,in-progress,2025-09-17 10:50:50.143903,2025-09-20 07:50:50.143903,17,8
477,30,ed,inpatient,finished,2025-07-16 03:02:50.143908,2025-07-17 16:02:50.143908,11,7
478,5,psychiatry,inpatient,in-progress,2025-05-29 09:50:50.143914,2025-05-31 13:50:50.143914,8,6
479,39,ed,ambulatory,in-progress,2025-08-17 09:08:50.143919,2025-08-18 20:08:50.143919,15,6
480,11,psychiatry,inpatient,finished,2025-06-09 12:58:50.143925,2025-06-11 17:58:50.143925,8,5
481,11,general,inpatient,finished,2025-05-11 06:21:50.143930,2025-05-12 09:21:50.143930,3,8
482,34,psychiatry,inpatient,in-progress,2025-06-20 04:25:50.143936,2025-06-22 07:25:50.143936,20,3
483,20,psychiatry,inpatient,onleave,2025-10-16 08:27:50.143941,2025-10-18 10:27:50.143941,10,8
484,11,psychiatry,inpatient,onleave,2025-05-31 01:18:50.143946,2025-06-02 21:18:50.143946,12,6
485,18,ed,ambulatory,finished,2025-07-08 14:31:50.143952,2025-07-11 12:31:50.143952,18,3
486,34,ed,emergency,onleave,2025-06-08 09:57:50.143957,2025-06-10 17:57:50.143957,10,6
487,29,general,ambulatory,in-progress,2025-07-06 12:12:50.143963,2025-07-07 00:12:50.143963,9,3
488,49,psychiatry,ambulatory,in-progress,2025-08-22 05:26:50.143968,2025-08-25 00:26:50.143968,16,9
489,49,general,ambulatory,finished,2025-11-04 06:27:50.143973,2025-11-06 21:27:50.143973,14,5
490,36,general,inpatient,in-progress,2025-06-07 21:36:50.143978,2025-06-07 22:36:50.143978,18,7
491,25,psychiatry,ambulatory,finished,2025-07-28 22:16:50.143984,2025-07-31 00:16:50.143984,14,4
492,19,ed,emergency,onleave,2025-06-27 09:35:50.143990,2025-06-28 20:35:50.143990,9,7
493,19,psychiatry,emergency,in-progress,2025-09-20 03:15:50.143995,2025-09-20 21:15:50.143995,20,8
494,13,general,inpatient,finished,2025-08-29 06:47:50.144000,2025-08-31 21:47:50.144000,2,9
495,18,psychiatry,emergency,in-progress,2025-11-02 00:20:50.144006,2025-11-03 13:20:50.144006,1,4
496,14,general,ambulatory,in-progress,2025-10-15 01:26:50.144011,2025-10-17 17:26:50.144011,16,6
497,22,psychiatry,inpatient,finished,2025-07-11 06:36:50.144016,2025-07-11 11:36:50.144016,9,7
498,13,general,ambulatory,finished,2025-10-19 11:56:50.144022,2025-10-20 11:56:50.144022,4,4
499,13,general,emergency,finished,2025-07-31 15:11:50.144027,2025-07-31 20:11:50.144027,17,4
500,21,psychiatry,emergency,onleave,2025-07-08 16:43:50.144033,2025-07-10 08:43:50.144033,2,9
